metric,value
train_rows,48000.0
validation_rows,12000.0
target_mean,2373.9806822916667
target_median,2030.76
target_std,1486.4932447622946
target_min,57.22
target_max,25533.0
rate_per_mile_mean,2.21534716750207
rate_per_mile_median,2.1453480823707856
rate_per_mile_min,0.33370919413341743
rate_per_mile_max,14.125293930727675
distance_mean,1135.8566541666667
distance_median,953.3
weight_mean,31028.844004192873
weight_median,31436.5
market_index_mean,1.0833867156595136
quote_signal_mean,2.0624678412499997
