feature,dtype,missing,unique_values
load_id,str,0,48000
pickup,str,0,64
delivery,str,0,64
pickup_lat,float64,0,64
pickup_lon,float64,0,63
delivery_lat,float64,0,64
delivery_lon,float64,0,63
distance,float64,0,21204
equipment,str,0,3
weight,float64,0,23679
date,datetime64[us],0,304
market_index,float64,0,33093
quote_signal,float64,0,37633
posted_rate,float64,0,45398
distance_invalid,int8,0,1
weight_missing,int8,0,2
weight_negative,int8,0,2
weight_at_positive_cap,int8,0,2
weight_at_negative_cap,int8,0,2
weight_raw,float64,300,23679
weight_absolute,float64,0,23463
market_index_missing,int8,0,2
day_of_week,int32,0,7
day_of_month,int32,0,31
day_of_year,int32,0,304
log_distance,float64,0,21204
log_weight,float64,0,23405
weight_distance_ratio,float64,0,47963
latitude_difference,float64,0,4014
longitude_difference,float64,0,3890
latitude_difference_abs,float64,0,2016
longitude_difference_abs,float64,0,1954
haversine_distance,float64,0,2016
distance_haversine_ratio,float64,0,46686
distance_haversine_difference,float64,0,46686
market_distance_interaction,float64,0,47999
weight_distance_interaction,float64,0,47968
equipment_dry_van,int8,0,2
equipment_reefer,int8,0,2
equipment_flatbed,int8,0,2
equipment_unknown,int8,0,1
equipment_dry_van_log_distance,float64,0,16105
equipment_dry_van_market_index,float64,0,21876
equipment_reefer_log_distance,float64,0,9285
equipment_reefer_market_index,float64,0,10900
equipment_flatbed_log_distance,float64,0,7237
equipment_flatbed_market_index,float64,0,8133
equipment_unknown_log_distance,float64,0,1
equipment_unknown_market_index,float64,0,1
