alpha,MAE,RMSE,R2
0.01,108.60733704438785,633.2556687141323,0.8278054920393281
0.1,108.61318286613145,633.2591644746376,0.827803590903811
1.0,108.67210110389198,633.2940158276015,0.8277846367589393
3.0,108.80646220848976,633.3707625670811,0.8277428938460227
10.0,109.3002881557266,633.6315391038918,0.8276010184650352
30.0,110.8347505776212,634.3087989343661,0.8272322827032212
100.0,115.91485866085928,636.0600941717165,0.8262769594675011
300.0,127.04713704028364,639.056886306475,0.8246361136556806
1000.0,153.99008871296334,647.1244279217797,0.8201805307032017
