load_id,pickup,delivery,pickup_lat,pickup_lon,delivery_lat,delivery_lon,distance,equipment,weight,date,market_index,quote_signal,posted_rate,actual_rate,predicted_rate,absolute_error,percentage_error,squared_error,rate_per_mile_actual,rate_per_mile_predicted,distance_bucket,weight_bucket,month,new_pickup,new_delivery,new_city
TR-040097,Baltimore,Oklahoma City,38.16908,-72.74564,31.88294,-98.58097,1760.3,Reefer,29521.0,2025-09-11,1.00464,2.28753,20132.37,20132.37,3791.739028240239,16340.63097175976,81.16595796600082,267016220.5552343,11.436897119809123,2.1540300109300907,1501-2000,20k-30k,9,False,False,False
TR-040172,Montgomery,Fresno,31.37602,-86.10743,33.07921,-119.79528,2283.4,Dry Van,32447.0,2025-09-11,0.98502,1.93645,20361.89,20361.89,4325.724536872996,16036.165463127003,78.75578083923939,257158602.76078728,8.917355697643863,1.8944225877520349,>2000,30k-40k,9,False,False,False
TR-043540,Milwaukee,Bakersfield,39.6218,-88.48008,33.28832,-116.67935,1893.0,Dry Van,30760.0,2025-10-03,1.08079,2.22972,17514.11,17514.11,3611.866672292492,13902.243327707509,79.37738958878018,193272369.54278794,9.25203909138933,1.9080119769109836,1501-2000,30k-40k,10,False,False,False
TR-046214,Columbia,Tucson,34.6357,-83.28506,30.92733,-113.23037,2023.4,Flatbed,34710.0,2025-10-20,0.89822,2.06797,17893.17,17893.17,4182.976658883572,13710.193341116426,76.62249529354736,187969401.4507932,8.84312049026391,2.0673009088087237,>2000,30k-40k,10,False,False,False
TR-047299,Boston,Bakersfield,39.27463,-69.5,33.28832,-116.67935,2979.1,Reefer,30585.0,2025-10-27,0.86501,2.09472,19110.3,19110.3,5978.314801491781,13131.985198508219,68.716792507225,172449035.25383893,6.414789701587728,2.006751972572851,>2000,30k-40k,10,False,False,False
TR-040323,Montgomery,El Paso,31.37602,-86.10743,33.31075,-110.3123,1639.9,Dry Van,38363.0,2025-09-12,0.96139,1.92501,14949.25,14949.25,3278.6631310044363,11670.586868995564,78.06804267100733,136202597.8667717,9.11595219220684,1.999306744926176,1501-2000,30k-40k,9,False,False,False
TR-046517,Toledo,Albuquerque,41.97663,-84.45902,35.39918,-109.59792,1684.3,Reefer,31536.0,2025-10-22,0.98632,2.05917,14784.38,14784.38,3581.3783358961955,11203.001664103804,75.7759315176139,125507246.28591259,8.77775930653684,2.1263304256345044,1501-2000,30k-40k,10,False,False,False
TR-042882,San Antonio,Detroit,29.50969,-98.40059,43.61923,-84.04517,1460.5,Dry Van,43567.0,2025-09-29,0.74601,2.04253,13503.63,13503.63,2853.1622344695897,10650.46776553041,78.87114624386487,113432463.62460232,9.245895241355699,1.9535516839915028,1001-1500,>40k,9,False,False,False
TR-042150,Grand Rapids,Lubbock,43.438,-86.29173,29.87534,-99.85456,1415.5,Dry Van,35333.0,2025-09-24,0.96389,2.11162,13026.22,13026.22,2777.0839832478728,10249.136016752127,78.68081467035047,105044789.08988565,9.202557400211939,1.9619102672185609,1001-1500,30k-40k,9,False,False,False
TR-046367,Bakersfield,Columbia,33.28832,-116.67935,34.6357,-83.28506,2251.9,Dry Van,40729.0,2025-10-21,0.94743,2.19163,14403.14,14403.14,4387.707403417992,10015.432596582006,69.53645244427261,100308890.0966774,6.395994493538789,1.9484468242008934,>2000,>40k,10,False,False,False
TR-044268,Albany,Albuquerque,43.96975,-71.05842,35.39918,-109.59792,2492.6,Dry Van,25513.0,2025-10-08,1.0559,2.38846,14425.42,14425.42,4458.850465253179,9966.56953474682,69.09032482067641,99332508.29094346,5.787298403273691,1.7888351381100775,>2000,20k-30k,10,False,False,False
TR-047537,Los Angeles,Richmond,28.56624,-116.70249,38.09122,-76.78906,2782.4,Dry Van,25730.0,2025-10-29,1.0341,2.39203,15003.55,15003.55,5190.982019687849,9812.56798031215,65.401641480264,96286490.36824726,5.39230520414031,1.8656490870068463,>2000,20k-30k,10,False,False,False
TR-043303,Atlanta,Phoenix,34.84933,-86.2894,28.75668,-115.87725,2083.1,Reefer,40335.0,2025-10-01,0.9074,1.94613,13894.55,13894.55,4542.302245765381,9352.247754234619,67.3087487844847,87464538.05658647,6.670131054678124,2.1805492994889257,>2000,>40k,10,False,False,False
TR-043385,Lexington,Lubbock,36.99152,-84.99876,29.87534,-99.85456,1187.0,Dry Van,25359.0,2025-10-02,0.95849,2.17408,11696.44,11696.44,2356.717310066625,9339.722689933376,79.85098619694006,87230419.92485635,9.853782645324348,1.9854400253299285,1001-1500,20k-30k,10,False,False,False
TR-042736,Jacksonville,Tucson,31.98691,-84.48897,30.92733,-113.23037,1943.0,Dry Van,16292.0,2025-09-28,0.78263,1.84861,12797.54,12797.54,3508.6155125006667,9288.924487499335,72.58367223309584,86284118.13446477,6.586484817292846,1.8057722658263853,1501-2000,10k-20k,9,False,False,False
TR-039363,Tulsa,Bakersfield,33.45894,-94.78556,33.28832,-116.67935,1477.7,Dry Van,30076.0,2025-09-06,0.88612,1.99466,11684.7,11684.7,2850.6071099072515,8834.09289009275,75.60393411976986,78041197.19078729,7.9073560262570215,1.9290837855500111,1001-1500,30k-40k,9,False,False,False
TR-047587,Corpus Christi,Las Vegas,28.61374,-95.89569,33.22353,-115.24994,1383.3,Flatbed,18645.0,2025-10-29,1.01713,2.02448,11596.28,11596.28,2954.5274849500274,8641.752515049973,74.52176486812989,74679886.53137253,8.383055013373816,2.1358544675414066,1001-1500,10k-20k,10,False,False,False
TR-044345,Lexington,Albany,36.99152,-84.99876,43.96975,-71.05842,1040.0,Dry Van,36569.0,2025-10-08,1.04012,2.05845,10566.25,10566.25,2101.040239376222,8465.209760623778,80.1155543416423,71659776.2913601,10.15985576923077,2.0202309994002134,1001-1500,30k-40k,10,False,False,False
TR-040159,San Francisco,Shreveport,35.1967,-121.69849,32.54628,-92.31888,1950.8,Dry Van,40882.0,2025-09-11,1.01516,2.01542,12240.81,12240.81,3848.113683076723,8392.696316923277,68.56324309358021,70437351.46809754,6.27476419930285,1.9725823677858947,1501-2000,>40k,9,False,False,False
TR-043887,Shreveport,Baltimore,32.54628,-92.31888,38.16908,-72.74564,1348.4,Reefer,25462.0,2025-10-05,0.86034,1.90892,11052.72,11052.72,2864.712692064963,8188.007307935037,74.08137823029116,67043463.67479757,8.196914862058735,2.124527359882055,1001-1500,20k-30k,10,False,False,False
TR-038772,Houston,New York,30.71157,-94.7655,40.00674,-73.7984,1543.2,Reefer,40543.0,2025-09-02,0.91654,2.19666,11377.49,11377.49,3415.4861878694587,7962.003812130541,69.9803191400787,63393504.70438126,7.372660705028512,2.213249214534382,1501-2000,>40k,9,False,False,False
TR-042646,Boston,Phoenix,39.27463,-69.5,28.75668,-115.87725,3183.8,Dry Van,32231.0,2025-09-27,0.82572,1.77316,13420.59,13420.59,5662.834934030901,7757.755065969099,57.80487345168207,60182763.66356921,4.215274200640744,1.7786402833189587,>2000,30k-40k,9,False,False,False
TR-045820,Atlanta,Baltimore,34.84933,-86.2894,38.16908,-72.74564,940.4,Dry Van,30598.0,2025-10-18,0.9171,2.16316,9522.01,9522.01,1924.872351964356,7597.137648035644,79.7850206840325,57716500.44320056,10.12548915355168,2.046865538031004,501-1000,30k-40k,10,False,False,False
TR-039368,Baton Rouge,Grand Rapids,30.50134,-92.65374,43.438,-86.29173,1103.7,Dry Van,22408.0,2025-09-06,0.88674,1.85875,9250.6,9250.6,2076.1082084333,7174.4917915667,77.55704269524895,51473332.46725796,8.381444233034339,1.8810439507414154,1001-1500,20k-30k,9,False,False,False
TR-042992,Houston,Hartford,30.71157,-94.7655,39.55328,-72.18051,1667.1,Dry Van,20533.0,2025-09-29,0.78127,1.8657,10119.16,10119.16,3029.6209932536385,7089.539006746361,70.06054857069522,50261563.32817818,6.069917821366445,1.8173000979267222,1501-2000,20k-30k,9,False,False,False
TR-039480,Syracuse,Indianapolis,42.80915,-76.89973,38.52567,-88.85948,829.7,Reefer,27194.0,2025-09-07,0.83751,2.1798,8354.94,8354.94,1807.5313755588784,6547.408624441122,78.36571686261208,42868559.69540598,10.069832469567313,2.1785360679268146,501-1000,20k-30k,9,False,False,False
TR-039460,Phoenix,Lexington,28.75668,-115.87725,36.99152,-84.99876,2217.9,Dry Van,32609.0,2025-09-07,0.8206,1.85439,10528.39,10528.39,4082.722774094538,6445.667225905461,61.22177489535875,41546625.98711181,4.74700843139907,1.8408056152642311,>2000,30k-40k,9,False,False,False
TR-043643,Milwaukee,Baltimore,39.6218,-88.48008,38.16908,-72.74564,985.2,Dry Van,16150.0,2025-10-04,0.93795,2.21345,8236.26,8236.26,1878.4062000100485,6357.853799989952,77.19345673873764,40422304.94204667,8.359987819732034,1.9066242387434515,501-1000,10k-20k,10,False,False,False
TR-046668,Albuquerque,Lexington,35.39918,-109.59792,36.99152,-84.99876,1643.6,Dry Van,21757.0,2025-10-23,1.01507,2.20519,9305.14,9305.14,3107.7736897638815,6197.366310236118,66.6015375398556,38407349.18324964,5.6614383061572155,1.8908333473861534,1501-2000,20k-30k,10,False,False,False
TR-045286,Providence,Baton Rouge,37.37287,-69.5,30.50134,-92.65374,1590.7,Dry Van,30170.0,2025-10-14,0.93687,2.10491,9208.2,9208.2,3104.658339486764,6103.541660513237,66.2837651279646,37253220.80162068,5.788772238637078,1.9517560441860589,1501-2000,30k-40k,10,False,False,False
TR-047821,Los Angeles,Little Rock,28.56624,-116.70249,34.27518,-92.06214,1722.4,Reefer,41796.0,2025-10-30,1.03114,1.86271,9939.89,9939.89,4008.9183038606466,5930.971696139353,59.66838361530513,35176425.260406114,5.770953320947514,2.3275187551443604,1501-2000,>40k,10,False,False,False
TR-044162,Baton Rouge,Detroit,30.50134,-92.65374,43.61923,-84.04517,1189.2,Flatbed,31603.0,2025-10-07,0.95007,2.02274,8425.34,8425.34,2502.121325736069,5923.2186742639315,70.3024290327029,35084519.46314897,7.084880591994618,2.1040374417558603,1001-1500,30k-40k,10,False,False,False
TR-040080,Tucson,Columbia,30.92733,-113.23037,34.6357,-83.28506,2046.7,Flatbed,23285.0,2025-09-11,1.0281,2.03725,9993.31,9993.31,4120.090133485418,5873.219866514582,58.77151680989164,34494711.60042156,4.8826452337909805,2.0130405694461415,>2000,20k-30k,9,False,False,False
TR-047662,Phoenix,Oklahoma City,28.75668,-115.87725,31.88294,-98.58097,1261.3,Dry Van,35825.0,2025-10-30,1.06957,2.01821,8276.0,8276.0,2703.9698959378816,5572.030104062118,67.32757496450118,31047519.480574496,6.561484182985809,2.14379600090215,1001-1500,30k-40k,10,False,False,False
TR-043102,Fort Wayne,Albany,41.31561,-85.36206,43.96975,-71.05842,874.4,Reefer,32660.0,2025-09-30,0.81429,2.23902,7443.31,7443.31,1924.3564891474514,5518.953510852549,74.14649545501327,30458847.854951676,8.51247712717292,2.200773660964606,501-1000,30k-40k,9,False,False,False
TR-043185,Fort Wayne,Atlanta,41.31561,-85.36206,34.84933,-86.2894,548.4,Reefer,26544.0,2025-10-01,0.94021,1.76816,6477.13,6477.13,1285.864192450722,5191.265807549278,80.14762414139098,26949240.68463026,11.810959153902262,2.3447560037394637,501-1000,20k-30k,10,False,False,False
TR-045174,Corpus Christi,Atlanta,28.61374,-95.89569,34.84933,-86.2894,832.1,Dry Van,47500.0,2025-10-13,0.88212,1.87079,7004.3,7004.3,1831.9965256202793,5172.303474379721,73.8446878971449,26752723.23108053,8.417618074750632,2.2016542790773697,501-1000,>40k,10,False,False,False
TR-039439,Tucson,Houston,30.92733,-113.23037,30.71157,-94.7655,1292.0,Dry Van,40140.0,2025-09-07,0.82468,2.10254,7773.89,7773.89,2651.1609167932547,5122.729083206746,65.89659852669314,26242353.259932224,6.016942724458205,2.051982133740909,1001-1500,>40k,9,False,False,False
TR-046614,Little Rock,Buffalo,34.27518,-92.06214,41.67681,-78.56704,1038.6,Flatbed,18497.0,2025-10-23,1.05025,2.01241,7151.41,7151.41,2194.9384113995584,4956.4715886004415,69.30761330423569,24566610.608603384,6.885624879645677,2.1133626144806072,1001-1500,10k-20k,10,False,False,False
TR-043727,Reno,Toledo,39.54838,-118.64843,41.97663,-84.45902,2117.6,Dry Van,25124.0,2025-10-04,0.94851,2.37759,8592.93,8592.93,3751.391043918026,4841.538956081975,56.3432840263097,23440499.46325934,4.057862674726105,1.771529582507568,>2000,20k-30k,10,False,False,False
TR-047993,Cincinnati,Mobile,37.15706,-86.77499,31.80442,-88.25195,457.0,Reefer,34524.0,2025-10-31,1.00672,1.58343,5561.19,5561.19,1187.8868857370721,4373.303114262928,78.63969967332403,19125780.129221823,12.16890590809628,2.599314848439983,201-500,30k-40k,10,False,False,False
TR-042438,Toledo,Austin,41.97663,-84.45902,29.39553,-99.6978,1445.9,Dry Van,37298.0,2025-09-26,0.89811,1.93929,7197.15,7197.15,2836.0994463014285,4361.050553698571,60.594131756300364,19018761.931914613,4.977626391866657,1.9614768976425951,1001-1500,30k-40k,9,False,False,False
TR-042453,Fort Wayne,Hartford,41.31561,-85.36206,39.55328,-72.18051,840.2,Dry Van,20529.0,2025-09-26,0.91051,1.93104,5949.01,5949.01,1632.4062361394747,4316.603763860526,72.56003543212275,18633068.05417486,7.080468935967627,1.9428781672690723,501-1000,20k-30k,9,False,False,False
TR-039292,Indianapolis,Amarillo,38.52567,-88.85948,33.17137,-104.36789,1083.3,Dry Van,35906.0,2025-09-06,0.83947,2.10738,6295.71,6295.71,2169.1120390687593,4126.597960931241,65.54618876872094,17028810.731161874,5.811603433951814,2.00231887664429,1001-1500,30k-40k,9,False,False,False
TR-044503,Columbia,Shreveport,34.6357,-83.28506,32.54628,-92.31888,650.2,Dry Van,21435.0,2025-10-09,1.06397,1.92558,5511.27,5511.27,1400.4115494892449,4110.858450510756,74.590039147252,16899157.20013569,8.476268840356813,2.1538165941083434,501-1000,20k-30k,10,False,False,False
TR-040049,New York,Los Angeles,40.00674,-73.7984,28.56624,-116.70249,2887.9,Flatbed,31240.0,2025-09-10,0.97974,1.93114,1758.37,1758.37,5627.55013895642,3869.18013895642,220.0435709751884,14970554.94769482,0.6088749610443575,1.9486651681001488,>2000,30k-40k,9,False,False,False
TR-040874,Bakersfield,Baltimore,33.28832,-116.67935,38.16908,-72.74564,2897.4,Reefer,25930.0,2025-09-16,0.86474,1.98679,1843.92,1843.92,5668.109832650092,3824.1898326500923,207.39456335687515,14624427.87614434,0.6364050528059639,1.9562745332539837,>2000,20k-30k,9,False,False,False
TR-039909,Montgomery,Washington,31.37602,-86.10743,38.87577,-77.05086,838.2,Reefer,31435.0,2025-09-10,0.97825,2.30039,5795.79,5795.79,1977.5355907619848,3818.254409238015,65.87979221534968,14579066.733665543,6.914566929133858,2.359264603629187,501-1000,30k-40k,9,False,False,False
TR-043917,Nashville,Dayton,35.29479,-88.08915,39.87206,-85.62931,424.2,Dry Van,25622.0,2025-10-05,0.891,1.86875,4646.65,4646.65,922.2497736262247,3724.400226373775,80.1523727066548,13871157.046213025,10.953913248467703,2.174091875592232,201-500,20k-30k,10,False,False,False
TR-046174,Philadelphia,El Paso,39.22317,-72.9671,33.31075,-110.3123,2490.9,Dry Van,22411.0,2025-10-20,0.87879,2.40555,880.13,880.13,4436.2459366843905,3556.1159366843904,404.04439533755135,12645960.555140698,0.35333815086916376,1.7809811460453613,>2000,20k-30k,10,False,False,False
TR-046731,Kansas City,Atlanta,39.41104,-91.1245,34.84933,-86.2894,479.3,Dry Van,36432.0,2025-10-23,1.07167,1.72672,4635.85,4635.85,1103.5763147853531,3532.2736852146472,76.19473635287265,12476957.387259865,9.672126017108283,2.3024750986550244,201-500,30k-40k,10,False,False,False
TR-045988,Hartford,Fort Wayne,39.55328,-72.18051,41.31561,-85.36206,832.2,Flatbed,33558.0,2025-10-19,0.86136,1.92609,5308.55,5308.55,1800.7021397335882,3507.8478602664118,66.07920920527096,12304996.610775644,6.378935352078827,2.1637853157096707,501-1000,30k-40k,10,False,False,False
TR-047504,Bakersfield,Montgomery,33.28832,-116.67935,31.37602,-86.10743,2063.5,Reefer,18258.0,2025-10-29,1.00768,2.06983,880.04,880.04,4337.249318305795,3457.209318305795,392.84683858754096,11952296.27058042,0.4264792827719893,2.1018896623725682,>2000,10k-20k,10,False,False,False
TR-046583,Columbia,Shreveport,34.6357,-83.28506,32.54628,-92.31888,645.1,Reefer,13316.0,2025-10-22,1.04805,1.66524,4892.72,4892.72,1521.4475489534516,3371.2724510465487,68.9038500271127,11365477.939185403,7.58443652146954,2.3584677553146047,501-1000,10k-20k,10,False,False,False
TR-043705,New York,Austin,40.00674,-73.7984,29.39553,-99.6978,1943.2,Reefer,37091.0,2025-10-04,0.92669,1.95753,785.33,785.33,4156.151791378866,3370.821791378866,429.2236119056786,11362439.549234625,0.40414265129682997,2.1388183364444555,1501-2000,30k-40k,10,False,False,False
TR-044423,Montgomery,Raleigh,31.37602,-86.10743,35.37376,-77.47605,679.7,Dry Van,33249.0,2025-10-08,1.06877,1.89541,4747.88,4747.88,1513.404597745372,3234.475402254628,68.1246240902177,10461831.127790239,6.985258202148006,2.2265773102035777,501-1000,30k-40k,10,False,False,False
TR-038838,Fort Wayne,Hartford,41.31561,-85.36206,39.55328,-72.18051,858.3,Dry Van,36326.0,2025-09-03,0.98087,1.99092,4931.28,4931.28,1746.205883690626,3185.0741163093735,64.58919623930042,10144697.126383936,5.745403704998252,2.034493631236894,501-1000,30k-40k,9,False,False,False
TR-045022,Jacksonville,Reno,31.98691,-84.48897,39.54838,-118.64843,2304.8,Flatbed,32119.0,2025-10-12,0.89358,2.16823,1384.9,1384.9,4539.198729650972,3154.2987296509723,227.7636457253933,9949600.475877738,0.6008764317945158,1.9694544991543614,>2000,30k-40k,10,False,False,False
TR-040601,Fort Wayne,Phoenix,41.31561,-85.36206,28.75668,-115.87725,2210.6,Dry Van,24954.0,2025-09-14,0.78281,1.72726,808.74,808.74,3894.697090378347,3085.957090378347,381.57591937808775,9523131.163656393,0.36584637654935315,1.7618280513789684,>2000,20k-30k,9,False,False,False
TR-040060,Mobile,Tampa,31.80442,-88.25195,28.35765,-86.94782,327.0,Dry Van,34212.0,2025-09-10,0.99682,2.4869,3869.45,3869.45,823.5104977534364,3045.9395022465633,78.71763434716983,9277747.451346042,11.833180428134556,2.518380727074729,201-500,30k-40k,9,False,False,False
TR-046671,Grand Rapids,Tucson,43.438,-86.29173,30.92733,-113.23037,2021.2,Dry Van,38462.0,2025-10-23,0.99657,2.22763,849.97,849.97,3889.964307425317,3039.994307425317,357.6590123681209,9241565.389178332,0.4205274094597269,1.92458158887063,>2000,30k-40k,10,False,False,False
TR-043674,Milwaukee,Los Angeles,39.6218,-88.48008,28.56624,-116.70249,2071.4,Flatbed,44838.0,2025-10-04,0.90021,1.99833,1274.95,1274.95,4314.928531930232,3039.978531930232,238.4390393294036,9241469.474596689,0.6155015931254224,2.083097678830854,>2000,>40k,10,False,False,False
TR-041089,Fort Wayne,Lexington,41.31561,-85.36206,36.99152,-84.99876,354.9,Dry Van,30394.0,2025-09-17,0.95333,2.30288,3848.82,3848.82,809.8773698407075,3038.9426301592925,78.95777485461238,9235172.309399478,10.844801352493661,2.281987517161757,201-500,30k-40k,9,False,False,False
TR-040679,Jacksonville,Baton Rouge,31.98691,-84.48897,30.50134,-92.65374,575.6,Dry Van,38260.0,2025-09-14,0.79167,2.28956,4277.4,4277.4,1308.316375267556,2969.0836247324437,69.41327967298929,8815457.570654346,7.431202223766504,2.272961041118061,501-1000,30k-40k,9,False,False,False
TR-045419,Savannah,Dayton,33.60973,-82.29994,39.87206,-85.62931,566.1,Reefer,30448.0,2025-10-15,1.05078,1.77099,4350.23,4350.23,1392.9173129107767,2957.312687089223,67.98060532636718,8745698.32921888,7.684561031619854,2.4605499256505503,501-1000,30k-40k,10,False,False,False
TR-044287,Mobile,Richmond,31.80442,-88.25195,38.09122,-76.78906,944.9,Dry Van,37887.0,2025-10-08,1.03164,1.99996,4729.66,4729.66,2012.2620169604197,2717.39798303958,57.45440439777024,7384251.798227578,5.005460895332839,2.1296031505560586,501-1000,30k-40k,10,False,False,False
TR-043131,Charleston,Nashville,34.15334,-79.74475,35.29479,-88.08915,568.0,Dry Van,38481.0,2025-09-30,0.88423,2.22526,4000.2,4000.2,1290.0605221187193,2710.1394778812805,67.7500994420599,7344855.98957062,7.0426056338028165,2.2712333135892946,501-1000,30k-40k,9,False,False,False
TR-040724,Bakersfield,Tucson,33.28832,-116.67935,30.92733,-113.23037,331.4,Dry Van,47500.0,2025-09-15,0.82591,2.41301,3515.75,3515.75,822.8612396430217,2692.8887603569783,76.59500136121676,7251649.875656944,10.608780929390466,2.482985032115334,201-500,>40k,9,False,False,False
TR-044215,Nashville,Tucson,35.29479,-88.08915,30.92733,-113.23037,1770.0,Dry Van,27030.0,2025-10-07,0.96364,2.20342,725.75,725.75,3389.458039204142,2663.708039204142,367.0283209375325,7095340.518120775,0.41002824858757064,1.9149480447481029,1501-2000,20k-30k,10,False,False,False
TR-045555,Reno,Columbia,39.54838,-118.64843,34.6357,-83.28506,2294.2,Dry Van,25540.0,2025-10-16,1.01971,2.35968,1687.37,1687.37,4209.890825725539,2522.520825725539,149.49423219125262,6363111.316219055,0.7354938540667771,1.8350147440177575,>2000,20k-30k,10,False,False,False
TR-045425,Mobile,Boston,31.80442,-88.25195,39.27463,-69.5,1402.1,Flatbed,41610.0,2025-10-15,1.00826,1.95345,568.26,568.26,3081.9407966926815,2513.6807966926817,442.3469532771411,6318591.147661556,0.4052920619071393,2.1980891496274744,1001-1500,>40k,10,False,False,False
TR-046179,Philadelphia,Houston,39.22317,-72.9671,30.71157,-94.7655,1589.7,Dry Van,32848.0,2025-10-20,0.90507,2.21539,643.58,643.58,3103.9296730511073,2460.3496730511074,382.2911950419695,6053320.513682691,0.40484368119771025,1.952525428100338,1501-2000,30k-40k,10,False,False,False
TR-045834,Amarillo,Greensboro,33.17137,-104.36789,35.98195,-82.78379,1478.5,Reefer,7483.0,2025-10-18,,1.94687,700.21,700.21,3107.570646095896,2407.360646095896,343.8055220713637,5795385.280371249,0.4735948596550558,2.1018401393952626,1001-1500,<=10k,10,False,False,False
TR-046980,San Francisco,Green Bay,35.1967,-121.69849,44.30296,-87.52871,2242.7,Reefer,20592.0,2025-10-25,0.88228,2.00185,1955.15,1955.15,4358.012530185604,2402.862530185604,122.89913971744389,5773748.338969964,0.8717840103446739,1.9431990592525101,>2000,20k-30k,10,False,False,False
TR-039656,Fort Wayne,Tucson,41.31561,-85.36206,30.92733,-113.23037,1939.9,Dry Van,21852.0,2025-09-08,0.78543,1.78484,1039.33,1039.33,3409.9190275471974,2370.5890275471975,228.08819408149458,5619692.337527167,0.5357647301407289,1.75778082764431,1501-2000,20k-30k,9,False,False,False
TR-039785,Green Bay,El Paso,44.30296,-87.52871,33.31075,-110.3123,1674.6,Dry Van,32548.0,2025-09-09,0.89332,1.87674,776.5,776.5,3085.86797163079,2309.36797163079,297.40733697756474,5333180.42839411,0.46369282216648755,1.8427492963279533,1501-2000,30k-40k,9,False,False,False
TR-042354,Chattanooga,Little Rock,35.29792,-87.18651,34.27518,-92.06214,363.4,Flatbed,41817.0,2025-09-25,0.96197,2.84782,3286.31,3286.31,980.048108830444,2306.261891169556,70.17785574609687,5318843.910660977,9.04323059988993,2.696885274712284,201-500,>40k,9,False,False,False
TR-045024,Kansas City,Lexington,39.41104,-91.1245,36.99152,-84.99876,433.4,Reefer,44130.0,2025-10-12,0.90819,1.46865,3362.18,3362.18,1112.0855618204544,2250.0944381795453,66.9236756562571,5062924.980726523,7.757683433317951,2.565956533965054,201-500,>40k,10,False,False,False
TR-039546,Bakersfield,Memphis,33.28832,-116.67935,35.56802,-89.52871,1787.5,Flatbed,42162.0,2025-09-07,0.83141,2.11675,1477.09,1477.09,3709.4016310087068,2232.311631008707,151.12901928851372,4983215.217936754,0.8263440559440559,2.0751897236412344,1501-2000,>40k,9,False,False,False
TR-044524,Tampa,Mobile,28.35765,-86.94782,31.80442,-88.25195,310.0,Dry Van,12098.0,2025-10-09,1.06272,1.70896,2940.49,2940.49,732.2405476872805,2208.2494523127193,75.09800925399234,4876365.643639425,9.485451612903224,2.362066282862195,201-500,10k-20k,10,False,False,False
TR-040620,Hartford,Syracuse,39.55328,-72.18051,42.80915,-76.89973,403.2,Dry Van,24101.0,2025-09-14,0.77192,2.10997,3043.83,3043.83,848.7040703514695,2195.1259296485305,72.11723156840331,4818577.847015325,7.549181547619048,2.104920809403446,201-500,20k-30k,9,False,False,False
TR-039514,Cincinnati,Green Bay,37.15706,-86.77499,44.30296,-87.52871,593.2,Flatbed,-33699.0,2025-09-07,0.82737,2.32894,3509.58,3509.58,1316.523783879494,2193.056216120506,62.48771123953596,4809495.567064792,5.916351989211058,2.2193590422783105,501-1000,<=10k,9,False,False,False
TR-042514,Philadelphia,Tulsa,39.22317,-72.9671,33.45894,-94.78556,1497.7,Flatbed,23823.0,2025-09-26,0.92057,2.15682,1005.85,1005.85,3036.3088165161753,2030.4588165161754,201.86497156794508,4122763.0055682673,0.6715964478867597,2.027314426464696,1001-1500,20k-30k,9,False,False,False
TR-047657,Memphis,Philadelphia,35.56802,-89.52871,39.22317,-72.9671,1125.7,Reefer,28166.0,2025-10-30,1.02381,1.90722,552.14,552.14,2531.9251542585775,1979.7851542585777,358.56579024497006,3919549.25702266,0.49048591987207957,2.249200634501712,1001-1500,20k-30k,10,False,False,False
TR-046426,Raleigh,Columbia,35.37376,-77.47605,34.6357,-83.28506,417.8,Dry Van,44664.0,2025-10-21,0.932,1.86109,2970.76,2970.76,1006.136851209442,1964.6231487905582,66.1320049007849,3859744.1167637277,7.110483484921015,2.4081781982035473,201-500,>40k,10,False,False,False
TR-045258,Shreveport,Providence,32.54628,-92.31888,37.37287,-69.5,1566.2,Dry Van,26392.0,2025-10-14,0.95762,2.29356,1068.71,1068.71,3023.551482789651,1954.8414827896509,182.91599056709967,3821405.222835241,0.6823585748946495,1.9305015213827421,1501-2000,20k-30k,10,False,False,False
TR-040046,Washington,Atlanta,38.87577,-77.05086,34.84933,-86.2894,688.3,Dry Van,35557.0,2025-09-10,1.00782,2.15917,3348.83,3348.83,1492.3716498058727,1856.4583501941272,55.43602840974691,3446437.6060055005,4.86536394014238,2.168199404047469,501-1000,30k-40k,9,False,False,False
TR-043069,Tulsa,Oklahoma City,33.45894,-94.78556,31.88294,-98.58097,305.5,Dry Van,47500.0,2025-09-30,0.84162,2.71228,2610.3,2610.3,779.6088278418855,1830.6911721581146,70.13336291453528,3351430.1678176513,8.544353518821605,2.5519110567655825,201-500,>40k,9,False,False,False
TR-040775,Oklahoma City,Jacksonville,31.88294,-98.58097,31.98691,-84.48897,976.3,Reefer,30645.0,2025-09-15,0.82096,2.28511,575.21,575.21,2253.479808716511,1678.2698087165109,291.7664520290869,2816589.550849354,0.5891734098125577,2.3081837639214493,501-1000,30k-40k,9,False,False,False
TR-044414,Memphis,Atlanta,35.56802,-89.52871,34.84933,-86.2894,242.4,Dry Van,28320.0,2025-10-08,1.11251,1.52682,2281.75,2281.75,603.5115676311641,1678.238432368836,73.55049555686801,2816484.2358798077,9.4131600660066,2.4897341898975416,201-500,20k-30k,10,False,False,False
TR-041987,El Paso,Shreveport,33.31075,-110.3123,32.54628,-92.31888,1230.8,Dry Van,22108.0,2025-09-23,0.85348,1.96525,711.03,711.03,2388.4901714145603,1677.4601714145604,235.91974620122363,2813872.626682166,0.5776974325641859,1.9405997492805984,1001-1500,20k-30k,9,False,False,False
TR-041368,Houston,Fort Wayne,30.71157,-94.7655,41.31561,-85.36206,1044.3,Dry Van,28465.0,2025-09-19,0.94855,2.0227,432.04,432.04,2081.87828196312,1649.8382819631202,381.8716512274604,2721966.35663102,0.41371253471224745,1.9935634223528873,1001-1500,20k-30k,9,False,False,False
TR-047539,St. Louis,New York,38.38204,-89.88819,40.00674,-73.7984,1041.1,Dry Van,20785.0,2025-10-29,1.07407,2.24529,472.91,472.91,2062.99980859773,1590.0898085977299,336.23518398801673,2528385.5994063653,0.4542407069445779,1.9815577836881473,1001-1500,20k-30k,10,False,False,False
TR-046778,Hartford,Atlanta,39.55328,-72.18051,34.84933,-86.2894,1001.8,Dry Van,41352.0,2025-10-24,1.00102,2.0499,537.57,537.57,2121.604472172087,1584.0344721720867,294.6657127763987,2509165.2090295013,0.5366041125973249,2.1177924457697013,1001-1500,>40k,10,False,False,False
TR-047840,Corpus Christi,Madison,28.61374,-95.89569,41.70243,-89.85588,1139.5,Dry Van,35584.0,2025-10-31,0.99829,2.08148,772.61,772.61,2346.022506203353,1573.4125062033527,203.64899576802688,2475626.914677115,0.6780254497586661,2.0588174692438375,1001-1500,30k-40k,10,False,False,False
TR-045484,Greensboro,Columbia,35.98195,-82.78379,34.6357,-83.28506,153.8,Dry Van,34198.0,2025-10-15,1.00256,1.46388,1971.21,1971.21,409.00181082134145,1562.2081891786586,79.25123092814356,2440494.4263368635,12.8167100130039,2.6593095632076817,<=200,30k-40k,10,False,False,False
TR-043077,Lexington,Charleston,36.99152,-84.99876,34.15334,-79.74475,436.3,Dry Van,32646.0,2025-09-30,0.84665,2.3129,2522.62,2522.62,997.2451872859888,1525.3748127140111,60.467879138118754,2326768.3192623043,5.781847352738941,2.2856868835342397,201-500,30k-40k,9,False,False,False
TR-046142,Charleston,Baton Rouge,34.15334,-79.74475,30.50134,-92.65374,939.7,Reefer,36569.0,2025-10-20,0.85054,1.77181,752.15,752.15,2218.6418165094483,1466.4918165094482,194.9733186876884,2150598.247889181,0.8004150260721506,2.361010765679949,501-1000,30k-40k,10,False,False,False
TR-041307,Columbia,Houston,34.6357,-83.28506,30.71157,-94.7655,847.3,Dry Van,38318.0,2025-09-18,0.96233,2.27008,405.1,405.1,1858.5378112233393,1453.4378112233394,358.784944760143,2112481.4710936914,0.47810692788858733,2.193482605008072,501-1000,30k-40k,9,False,False,False
TR-044693,New York,Milwaukee,40.00674,-73.7984,39.6218,-88.48008,914.1,Dry Van,17572.0,2025-10-10,1.07095,2.12622,362.69,362.69,1790.837144307297,1428.147144307297,393.76523871827095,2039604.2657930872,0.3967727819713379,1.9591260740699015,501-1000,10k-20k,10,False,False,False
